City,Country,Art_exhibitions_visits,Cinema_Screens,Cinemas,Creative_Industries_Employment,Educated,Foreign_born,GDP,Area,Concert_Halls,Median Weekly Earnings,Number_of_bars,Number_of_comedy,Number_of_tourists,Number_of_restaurants,Public_libraries,Working_age,Museums,Length.per.resident..mm.,Usage,Annual.ridership,Country.Subdivision,Starbucks,iso_region,total_runways,Brookings_GDP,service.firms,country.etc,pop,lat,long,capital,Population,Cluster,ContsAmsterdam,Netherlands,5864,113,38,0.092,0.42,0.34,43491,2580,5,836,1516,5,10500000,1337,80,1056000,6,31.7,0.11,85,NH,9,NL-NH,6,320.6,180,Netherlands,744159,52.37,4.89,1,1068724,2,EuropeBangkok,Thailand,NA,330,NA,NA,0.221,0.05,98340,1569,4,93.71,NA,1,15980000,101660,19,NA,21,12.9,0.05,245,10,108,TH-10,4,306.8,142,Thailand,4935988,13.73,100.5,1,8305218,1,AsiaBeijing,China,NA,820,150,0.2177,0.195,0,NA,1368,2,205.62,1684,0,3576000,30000,25,NA,78,49.9,0.3,2460,11,104,CN-11,4,506.1,142,China,7602069,39.93,116.4,1,11509595,1,AsiaBerlin,Germany,1653,266,94,0.1,0.39,0.13,80000,892,2,NA,1247,15,2871000,4885,88,2297921,18,43.2,0.2,505,BE,1,DE-BR,4,157.7,106,Germany,3378275,52.52,13.38,1,3501872,2,EuropeBogota,Colombia,NA,243,46,NA,0.205,0,82175,345,3,170.23,NA,0,966748,6158,89,4676920,NA,0,0,0,NA,0,CO-CUN,2,159.9,96,Colombia,7235084,4.63,-74.09,1,6778691,3,OtherBoston,USA,NA,52,19,0.055,0.485,0.251,NA,232,NA,974.69,675,6,1400000,6169,27,NA,10,13.5,0.05,147,MA,45,US-MA,6,360.1,114,USA,567759,42.34,-71.02,0,667137,4,North AmericaBrussels,Belgium,NA,65,11,0.0647,NA,0.46,83414,161,4,NA,1743,NA,2602094,4235,118,NA,8,18.5,0.11,133,VLG,1,BE-BRU,4,254.3,187,Belgium,1031925,50.83,4.33,1,1561395,2,EuropeCopenhagen,Denmark,NA,54,15,NA,0.2827,0.18,NA,86,NA,895.98,NA,4,6160000,NA,20,NA,NA,19.4,0.07,54,84,1,DK-84,3,127,112,Denmark,1091978,55.68,12.57,1,583525,2,EuropeDublin,Ireland,NA,51,8,NA,NA,0.2,NA,115,NA,894,NA,2,4100000,NA,26,NA,10,0,0,0,L,22,IE-D,3,90.1,119,Ireland,1030431,53.33,-6.25,1,1110627,2,EuropeEdinburgh,United Kingdom,926,62,9,0.042,0.563,0.14,26612,263,1,626.56,451,2,1300000,138,298,325791,2,0,0,0,SCT,14,GB-SCT,3,32.5,39,UK,438501,55.95,-3.22,0,448624,4,North AmericaHong Kong,Hong Kong S.A.R.,3061,209,47,0.056,0.29,0.09,381186,1104,4,538,1200,2,27770000,12564,69,4964600,17,24.7,0.27,1444,91,58,HK-U-A,2,416,253,China,1321432,22.27,114.14,0,7305700,1,AsiaIstanbul,Turkey,2179,704,99,0.016,0.17,0.031,394000,5461,NA,144,304,1,11842983,1122,62,10243634,22,8.9,0.01,78,34,81,TR-34,4,348.7,110,Turkey,10034830,41.1,29,0,14025646,3,OtherJohannesburg,South Africa,NA,368,47,0.045,0.32,0.06,175956,18178,4,184,NA,1,3988335,15000,234,6833217,9,0,0,0,NA,0,ZA-GT,2,82.9,124,South Africa,2091491,-26.19,28.04,0,11328203,3,OtherKuala Lumpur,Malaysia,NA,196,24,NA,0.4013,0.09,NA,243,5,NA,NA,2,11200000,10733,NA,NA,17,69,0.1,109,14,36,MY-14,3,171.8,126,Malaysia,1482359,3.16,101.71,1,1588750,1,AsiaLondon,United Kingdom,5064,860,158,0.162,0.6,0.36,492584,1572,10,1022.98,2694,18,16800000,24360,353,5451872,13,46.9,0.19,1171,ENG,179,GB-ENG,6,835.7,368,UK,7489022,51.52,-0.1,1,8278251,4,North AmericaLos Angeles,USA,2987,1073,133,0.0542,0.297,0.35,826826,10510,6,559.91,3248,32,6500000,36571,240,6565742,2,4.7,0.01,46,CA,90,US-CA,4,860.5,201,USA,3911500,34.11,-118.41,0,11789487,2,EuropeMadrid,Spain,2999,244,43,0.09,0.319,0.2,175504,604,4,NA,5877,9,3688258,6334,46,1936251,7,52.6,0.16,635,MD,39,ES-M,4,262.3,182,Spain,3146804,40.42,-3.71,1,3998829,2,EuropeMelbourne,Australia,4153,373,54,0.0418,0.369,0.37,180177,9991,5,591,713,15,1917000,4009,152,2644210,3,0,0,0,NA,0,AU-VIC,2,178.4,133,Australia,3780871,-37.81,144.96,0,4181021,2,EuropeMilan,Italy,NA,NA,NA,0.095,NA,0.259,NA,182,NA,NA,NA,8,6050100,NA,26,NA,20,33,0.15,328,NA,0,IT-25,4,312.1,191,Italy,1316218,45.48,9.19,0,1333670,2,EuropeMontreal,Canada,1794,192,20,0.133,0.352,0.33,88493,624,7,384,1287,NA,1770939,2283,57,1199000,NA,18.8,0.08,219,QC,33,CA-QC,3,155.9,112,Canada,3280123,45.52,-73.57,0,4027121,2,EuropeMoscow,Russia,17645,585,112,NA,0.43,0.13,382700,2511,4,387,581,6,5200000,3159,507,7966676,29,31.9,0.31,2389,MOW,52,RU-MOS,7,553.3,129,Russia,10472629,55.75,37.62,1,11918057,2,EuropeMumbai,India,NA,232,105,0.1601,NA,0.01,209000,437,2,NA,543,1,2195000,13205,80,8643303,4,9,0,100,MH,8,IN-MM,2,173.9,131,India,12883645,18.96,72.82,0,16434386,3,OtherNew York,USA,5918,374,95,0.086,0.345,0.37,1406000,1214,16,1005,2657,24,11805400,23520,217,5420114,7,19.5,0.12,1655,NY,187,US-NY,6,1403,357,USA,8124427,40.67,-73.94,0,17799861,2,EuropeOsaka,Japan,NA,NA,21,NA,NA,0.02,NA,223,3,NA,NA,6,5100000,56539,42,NA,NA,12.2,0.1,836,27,37,JP-27,4,671.3,46,Japan,2590815,34.68,135.5,0,2665314,1,AsiaParis,France,6124,1054,310,0.09,0.381,0.22,730819,12012,15,500,3263,50,15500000,38393,1100,7243890,27,22.2,0.21,1524,J,51,FR-J,7,715.1,235,France,2141839,48.86,2.34,1,10460118,2,EuropePhiladelphia,USA,NA,82,19,NA,0.377,0.116,NA,367,NA,NA,511,NA,620000,NA,NA,NA,NA,11.3,0.03,107,PA,35,US-PA,4,346.5,72,USA,1439814,40.01,-75.13,0,5149079,2,EuropeRio de Janeiro,Brazil,5283,189,42,0.0275,0.145,0.01,194900,1200,NA,133.5,12072,0,1400000,6576,74,3968209,4,3.6,0.03,212,RJ,11,BR-RJ,2,176.6,76,Brazil,6055582,-22.91,-43.2,0,6320446,3,OtherRome,Italy,NA,203,NA,0.095,NA,0.095,163005,5363,NA,NA,NA,NA,8780500,14495,36,NA,17,18.3,0.14,331,NA,0,IT-62,4,163.2,98,Italy,2561181,41.89,12.5,1,2867671.5,2,EuropeSan Francisco,USA,2098,83,25,0.0611,0.524,0.36,388272,121,4,932.42,377,11,3044000,3973,34,570823,0,48.4,0.04,111,CA,77,US-CA,4,331,164,USA,723724,37.77,-122.45,0,2995769,4,North AmericaSao Paulo,Brazil,3182,293,46,0.0246,0.19,0.01,370000,1500,4,136,15000,2,1600000,12500,NA,6720000,NA,4.2,0.06,877,SP,28,BR-SP,4,430.5,168,Brazil,10059502,-23.53,-46.63,0,11152968,3,OtherSeattle,USA,NA,92,27,0.0401,0.641,0.173,NA,369,NA,NA,NA,3,1574400,3027,27,NA,NA,8.9,0,0,WA,135,US-WA,6,267.5,74,USA,570430,47.62,-122.35,0,2712205,4,North AmericaSeoul,South Korea,NA,504,88,0.12,0.348,0.04,335493,605,4,NA,18829,8,11446422,81477,608,7048199,15,33.3,0.35,2518,11,221,KR-28,5,845.9,128,Korea South,10409345,37.56,126.99,1,10038916,1,AsiaShanghai,China,NA,765,230,NA,0.429,0,667449,6340,4,228.07,2693,0,7913000,189525,477,17563800,95,39.2,0.21,2276,31,198,CN-31,6,594,135,China,15017783,31.23,121.47,2,21730000,1,AsiaShenzhen,China,160,527,112,0.0276,0.411,0,453335,1997,8,119.47,1434,2,1661200,84257,639,8992400,3,30.4,0.02,132,44,52,CN-44,1,363.2,28,China,1072093,22.53,114.13,0,7008831,1,AsiaSingapore,Singapore,NA,207,30,0.018,0.273,0.29,425155,718,4,838.19,659,1,15567900,2426,27,2583846,6,37.7,0.25,794,5,68,SG-04,3,365.9,229,Singapore,3601745,1.3,103.85,1,5535002,2,EuropeStockholm,Sweden,NA,136,21,0.06,0.47,0.3,63641,6526,5,630.81,414,20,2.00E+06,2000,90,1072974,29,83.9,0.34,309,AB,2,SE-AB,3,143,138,Sweden,1260712,59.33,18.07,1,1904025,2,EuropeSydney,Australia,NA,367,57,0.046,0.349,0.4,232012,12145,4,443.27,791,4,3100000,19384,160,3282012,1,5.1,0,0,NA,0,AU-NSW,3,223.4,186,Australia,4444513,-33.87,151.21,0,4575532,2,EuropeTaipei,Taiwan,2932,183,36,NA,NA,0.03,283990.3,272,4,711.75,234,0,7038496,7061,48,NA,7,50.5,0.34,652,TPE,93,TW-TAO,2,327.3,143,Taiwan,2491662,25.02,121.45,1,2704974,1,AsiaTokyo,Japan,6258,334,82,0.112,0.255,0.02,743826,2130,15,1069.54,14184,1,5940000,150510,377,8739000,8,8.5,0.12,3102,13,1,JP-12,6,1617,244,Japan,8372440,35.67,139.77,1,12576601,1,AsiaToronto,Canada,8969,297,46,0.06,0.69,0.49,125670,630,6,503,957,17,3218400,7961,102,1686700,0,13.7,0.07,278,ON,133,CA-ON,5,276.3,182,Canada,4670783,43.65,-79.38,0,6055724,4,North AmericaVienna,Austria,20785,144,27,0.065,0.23,0.32,92358,415,7,NA,NA,10,4564276,NA,104,1146755,14,34.1,0.32,534,9,11,AT-9,2,183.7,122,Austria,1570976,48.22,16.37,1,1829876,2,EuropeWarsaw,Poland,3344,139,27,0.016,0.253,0.013,62135.56,517,4,NA,NA,1,2700000,1832,197,1079165,14,16.8,0.11,140,MZ,12,PL-MZ,3,141.1,124,Poland,1634441,52.26,21.02,1,1716855,3,Other